Term	Stat	t P Value	Adj P Value (B+H)
GO_POSITIVE_REGULATION_OF_KINASE_ACTIVITY	-1.1705296631065554	0.2589275023579679	0.9936
GO_POTASSIUM_ION_TRANSPORT	0.021351118314857923	0.9832295708237401	0.9936
GO_POSITIVE_REGULATION_OF_CALCIUM_ION_TRANSPORT	0.1760929655165929	0.862430405639737	0.9936
GO_NEURON_DEVELOPMENT	0.07778545021284777	0.9389631795826592	0.9936
GO_POSITIVE_REGULATION_OF_MYOTUBE_DIFFERENTIATION	-0.37522382564728207	0.7124215873578086	0.9936
GO_REGULATION_OF_CELL_ACTIVATION	0.9986318898713378	0.3328373478963522	0.9936
GO_ATP_DEPENDENT_CHROMATIN_REMODELING	-0.8533095576793527	0.40608147715624854	0.9936
GO_ANATOMICAL_STRUCTURE_FORMATION_INVOLVED_IN_MORPHOGENESIS	0.6490081119005705	0.5255402982586006	0.9936
GO_ION_TRANSPORT	0.05989222345222794	0.9529831787695909	0.9936
GO_CHROMOSOME_ORGANIZATION	-0.7640766869913888	0.45594255007478013	0.9936
GO_DIGESTION	-1.6931839504802197	0.10979655154694748	0.9936
GO_STEROID_BIOSYNTHETIC_PROCESS	-0.3532212180724761	0.7285334011003722	0.9936
GO_REGULATION_OF_PROTEIN_TYROSINE_KINASE_ACTIVITY	-2.148309445312287	0.04734597164153022	0.9936
GO_RESPONSE_TO_NITROGEN_COMPOUND	-0.6024993978309059	0.5552854663997083	0.9936
GO_REGULATION_OF_LEUKOCYTE_PROLIFERATION	1.3764619544955243	0.18763737760365007	0.9936
GO_SENSORY_PERCEPTION	2.4679605406030594	0.02524780975424957	0.9936
GO_REGULATION_OF_CELLULAR_RESPONSE_TO_GROWTH_FACTOR_STIMULUS	-1.2530666289780397	0.22818527042055353	0.9936
GO_EMBRYO_DEVELOPMENT_ENDING_IN_BIRTH_OR_EGG_HATCHING	1.4082861894245664	0.17818087898780535	0.9936
GO_EPITHELIUM_DEVELOPMENT	-0.48489766637132975	0.6343207898256522	0.9936
GO_PHOSPHOLIPID_METABOLIC_PROCESS	0.3545707282907881	0.7275413101761741	0.9936
GO_AMMONIUM_ION_METABOLIC_PROCESS	-0.927497165736155	0.367449319933286	0.9936
GO_NEGATIVE_REGULATION_OF_PROTEOLYSIS	-0.1332854795662241	0.8956295932977019	0.9936
GO_MUSCLE_TISSUE_DEVELOPMENT	0.3201182414944787	0.7530211316802092	0.9936
GO_ACID_SECRETION	-1.9531658096688955	0.06851718503469477	0.9936
GO_ANTIMICROBIAL_HUMORAL_RESPONSE	-1.9817010046453118	0.06496280439477518	0.9936
GO_CELL_PART_MORPHOGENESIS	-0.1361366295306871	0.8934114274420384	0.9936
GO_MUSCLE_ORGAN_DEVELOPMENT	0.09754975896834238	0.9235013810801334	0.9936
GO_POSITIVE_REGULATION_OF_HEMOPOIESIS	1.179069433003633	0.25560726204659956	0.9936
GO_MYELOID_CELL_HOMEOSTASIS	-0.926222317058063	0.36809134443506775	0.9936
GO_CHEMICAL_HOMEOSTASIS	-0.045294052342334294	0.964433425687539	0.9936
GO_SYNAPSE_ORGANIZATION	-1.064339283201253	0.3029747210596968	0.9936
GO_REGULATION_OF_MAPK_CASCADE	-0.7386477042100213	0.47081824757018687	0.9936
GO_MYELOID_LEUKOCYTE_MIGRATION	-0.7224856655486638	0.48042377219611954	0.9936
GO_REGULATION_OF_PHOSPHATIDYLINOSITOL_3_KINASE_SIGNALING	-2.17608259741136	0.04487687438814948	0.9936
GO_CIRCULATORY_SYSTEM_PROCESS	-0.2863112291598808	0.7783137928226986	0.9936
GO_CELL_CHEMOTAXIS	-1.224533379261782	0.23847535559644714	0.9936
GO_NEGATIVE_REGULATION_OF_INTERLEUKIN_1_PRODUCTION	-0.07251922561345205	0.9430875210431383	0.9936
GO_POSITIVE_REGULATION_OF_CATION_CHANNEL_ACTIVITY	-0.8258770312914681	0.4210185260377429	0.9936
GO_VESICLE_LOCALIZATION	0.585486736124176	0.566387644295925	0.9936
GO_TELOMERE_CAPPING	-0.6529605370014339	0.5230541883983126	0.9936
GO_INTRACELLULAR_PROTEIN_TRANSPORT	-0.926078039796438	0.3681640518602921	0.9936
GO_RESPONSE_TO_PEPTIDE	-0.023917534882053823	0.9812141421508649	0.9936
GO_STEROL_HOMEOSTASIS	0.9883752683298754	0.3376810834492474	0.9936
GO_CELLULAR_RESPONSE_TO_LIPID	-0.46042906148909596	0.6514040562468913	0.9936
GO_SENSORY_PERCEPTION_OF_MECHANICAL_STIMULUS	1.1034287163839145	0.28616092760836287	0.9936
GO_ACTIN_FILAMENT_BASED_PROCESS	-0.586904393961348	0.5654580605956211	0.9936
GO_POSITIVE_REGULATION_OF_MUSCLE_CELL_DIFFERENTIATION	-0.2967713106043108	0.7704590234931927	0.9936
GO_REGULATION_OF_ADAPTIVE_IMMUNE_RESPONSE	0.7802294915863449	0.44664546683127593	0.9936
GO_CELL_PROJECTION_ASSEMBLY	-0.9353144608353834	0.36352919275242257	0.9936
GO_GLUCOCORTICOID_METABOLIC_PROCESS	-0.19865429015232122	0.8450354856765596	0.9936
GO_PROTEIN_MATURATION	0.44252185261849863	0.6640354548985353	0.9936
GO_REGULATION_OF_HYDROLASE_ACTIVITY	-0.461445950645342	0.6506899949546405	0.9936
GO_CELLULAR_RESPONSE_TO_BIOTIC_STIMULUS	-0.0614557383139382	0.9517574021900059	0.9936
GO_REGULATION_OF_CELL_MORPHOGENESIS_INVOLVED_IN_DIFFERENTIATION	-0.20520799323491024	0.8399975952843242	0.9936
GO_CELLULAR_RESPONSE_TO_ORGANIC_CYCLIC_COMPOUND	-0.4079795468790551	0.6886960355172191	0.9936
GO_PLATELET_ACTIVATION	-0.0746743626476662	0.9413994763772403	0.9936
GO_CYTOSKELETON_ORGANIZATION	-0.9307681723204286	0.365805513056636	0.9936
GO_RESPONSE_TO_WOUNDING	0.32540856782161404	0.7490885017190735	0.9936
GO_METAL_ION_TRANSPORT	-0.15885334380614982	0.8757722372914872	0.9936
GO_INSULIN_SECRETION	-0.5816183365602411	0.5689283047775661	0.9936
GO_POSITIVE_REGULATION_OF_TRANSPORTER_ACTIVITY	0.21984653981490662	0.8287710460962343	0.9936
GO_POSITIVE_REGULATION_OF_LOCOMOTION	-2.9915433643322578	0.008630381103957209	0.9936
GO_NEGATIVE_REGULATION_OF_VIRAL_PROCESS	-0.18790341694955023	0.8533147428423287	0.9936
GO_REGULATION_OF_KINASE_ACTIVITY	-0.6954911583874678	0.49672568350017754	0.9936
GO_TISSUE_MORPHOGENESIS	-1.086951603433974	0.29316239756846263	0.9936
GO_COFACTOR_METABOLIC_PROCESS	-0.02826212777989847	0.9778026035416769	0.9936
GO_TRANSLATIONAL_INITIATION	-0.9356491203570343	0.3633620136840571	0.9936
GO_CYTOKINE_MEDIATED_SIGNALING_PATHWAY	0.7779205064569135	0.44796716977187656	0.9936
GO_T_CELL_PROLIFERATION	1.4278167740543273	0.1725722575228457	0.9936
GO_STRIATED_MUSCLE_CELL_DIFFERENTIATION	0.6014126005027557	0.5559911962922053	0.9936
GO_SECOND_MESSENGER_MEDIATED_SIGNALING	-0.3749906192616432	0.7125916377150793	0.9936
GO_CELL_CELL_SIGNALING	-0.5827302636960049	0.5681974101516856	0.9936
GO_POSITIVE_REGULATION_OF_MAPK_CASCADE	-0.5582874863323818	0.5843767679901308	0.9936
GO_REGULATION_OF_MUSCLE_CONTRACTION	-1.4254875113521148	0.1732334698619686	0.9936
GO_PROTEIN_MODIFICATION_BY_SMALL_PROTEIN_CONJUGATION_OR_REMOVAL	0.7949745086450155	0.43826267821999987	0.9936
GO_REGULATION_OF_BODY_FLUID_LEVELS	-0.6672979912415509	0.5140916097070876	0.9936
GO_REGULATION_OF_HORMONE_LEVELS	-0.03506920693766102	0.9724583484363538	0.9936
GO_REGULATION_OF_DEFENSE_RESPONSE	0.8951550139148243	0.3839734338337466	0.9936
GO_NEGATIVE_REGULATION_OF_PEPTIDE_SECRETION	-0.8707392330886394	0.3967732911341516	0.9936
GO_SMALL_MOLECULE_METABOLIC_PROCESS	-0.7100963564555518	0.48786573100469666	0.9936
GO_HOMEOSTATIC_PROCESS	-0.43233883981237764	0.6712656210115183	0.9936
GO_MORPHOGENESIS_OF_AN_EPITHELIUM	-0.8235457716656461	0.42230401909069615	0.9936
GO_REGULATION_OF_STRIATED_MUSCLE_CELL_DIFFERENTIATION	-1.0758277141060995	0.297959914217646	0.9936
GO_DEFENSE_RESPONSE_TO_VIRUS	1.0163621226012747	0.3245805594798067	0.9936
GO_SENSORY_PERCEPTION_OF_CHEMICAL_STIMULUS	1.5957999140676755	0.13009325685483145	0.9936
GO_ORGANIC_HYDROXY_COMPOUND_METABOLIC_PROCESS	0.324578677933746	0.7497049411591341	0.9936
GO_TELOMERE_ORGANIZATION	-0.6202084216642041	0.5438537980893277	0.9936
GO_IMMUNE_SYSTEM_DEVELOPMENT	1.4048707414616162	0.1791768107650174	0.9936
GO_HORMONE_TRANSPORT	-0.3196079803960018	0.7534008143758881	0.9936
GO_PROTEIN_CATABOLIC_PROCESS	-0.2098132411051434	0.836461779193513	0.9936
GO_REGULATION_OF_TRANSFERASE_ACTIVITY	-0.7064318843485901	0.4900798950141101	0.9936
GO_TISSUE_HOMEOSTASIS	-0.6131232655773613	0.5484120345945526	0.9936
GO_ADAPTIVE_IMMUNE_RESPONSE_BASED_ON_SOMATIC_RECOMBINATION_OF_IMMUNE_RECEPTORS_BUILT_FROM_IMMUNOGLOBULIN_SUPERFAMILY_DOMAINS	0.12515648750585284	0.9019587159580009	0.9936
GO_CELL_CYCLE_ARREST	0.7968000193909492	0.43723177959609927	0.9936
GO_SKELETAL_SYSTEM_DEVELOPMENT	2.0619460595475134	0.0558435457334699	0.9936
GO_ORGANOPHOSPHATE_METABOLIC_PROCESS	-0.664917925459898	0.5155733472327295	0.9936
GO_MONOVALENT_INORGANIC_CATION_TRANSPORT	0.2657251855390307	0.7938443940485407	0.9936
GO_REGULATION_OF_INTRACELLULAR_SIGNAL_TRANSDUCTION	-0.4113796591431832	0.6862518727924992	0.9936
GO_POSITIVE_REGULATION_OF_T_CELL_PROLIFERATION	1.6417101221947326	0.12015647336883524	0.9936
GO_CELL_ACTIVATION	0.20372173091871834	0.8411394772253614	0.9936
GO_NEGATIVE_REGULATION_OF_TUMOR_NECROSIS_FACTOR_MEDIATED_SIGNALING_PATHWAY	0.0631904448828004	0.9503975599391457	0.9936
GO_REGULATION_OF_NERVOUS_SYSTEM_DEVELOPMENT	-0.10625842742731131	0.9166981720542005	0.9936
GO_NUCLEOSIDE_PHOSPHATE_BIOSYNTHETIC_PROCESS	-1.3639618434853402	0.19146114367341288	0.9936
GO_MALE_GAMETE_GENERATION	-0.1461296487157458	0.8856442947450175	0.9936
GO_ACTIN_FILAMENT_BASED_MOVEMENT	-0.9480727583541246	0.3571931004645892	0.9936
GO_REGULATION_OF_CELLULAR_COMPONENT_BIOGENESIS	-0.7838425198641736	0.44458219394633347	0.9936
GO_POSITIVE_REGULATION_OF_NERVOUS_SYSTEM_DEVELOPMENT	-0.0986038857491954	0.9226775601902304	0.9936
GO_CELLULAR_RESPONSE_TO_OXYGEN_CONTAINING_COMPOUND	0.6244801248268645	0.5411156079087005	0.9936
GO_CELLULAR_KETONE_METABOLIC_PROCESS	0.04344356437057247	0.9658855060263577	0.9936
GO_REGULATION_OF_IMMUNE_RESPONSE	0.15668602846800286	0.8774523646304417	0.9936
GO_PEPTIDE_SECRETION	-0.6076220646151527	0.5519654485349639	0.9936
GO_LEUKOCYTE_DIFFERENTIATION	1.1208172592472252	0.2789072475962215	0.9936
GO_INTERLEUKIN_1_PRODUCTION	1.1848306391031775	0.25338569798210725	0.9936
GO_LEUKOCYTE_MEDIATED_IMMUNITY	-0.4129767842862636	0.6851050214987939	0.9936
GO_ORGANOPHOSPHATE_BIOSYNTHETIC_PROCESS	-0.47746586741840846	0.6394875096271686	0.9936
GO_PROTEIN_LOCALIZATION_TO_CELL_PERIPHERY	-1.7506267232859822	0.09915687872428358	0.9936
GO_ORGANIC_ACID_BIOSYNTHETIC_PROCESS	0.36941103211024995	0.7166648351429595	0.9936
GO_REGULATION_OF_LEUKOCYTE_MIGRATION	-1.596894484509983	0.12984844502049403	0.9936
GO_POSITIVE_REGULATION_OF_TRANSMEMBRANE_TRANSPORT	0.3524909638838317	0.729070454695483	0.9936
GO_POSITIVE_REGULATION_OF_LIPID_TRANSPORT	-0.9480951492592383	0.35718204794111097	0.9936
GO_MICROTUBULE_BASED_PROCESS	-1.0814209691944918	0.2955405099612439	0.9936
GO_POSITIVE_REGULATION_OF_CELLULAR_COMPONENT_ORGANIZATION	-1.3203482995808362	0.20529597628814455	0.9936
GO_CARBOHYDRATE_DERIVATIVE_METABOLIC_PROCESS	-0.3732365792623606	0.7138711569504766	0.9936
GO_MONOCARBOXYLIC_ACID_METABOLIC_PROCESS	-0.8872147084668442	0.3881054215957934	0.9936
GO_REGULATION_OF_MEMBRANE_POTENTIAL	-0.9998878165948444	0.3322476246197469	0.9936
GO_REGULATION_OF_GROWTH	-0.2833117548614275	0.7805708133841129	0.9936
GO_CATION_TRANSPORT	-0.18176772956625292	0.8580478595834456	0.9936
GO_ORGANONITROGEN_COMPOUND_CATABOLIC_PROCESS	-0.374077383763112	0.7132577050907523	0.9936
GO_ORGANIC_ACID_TRANSPORT	-0.21512849312081792	0.8323853389910596	0.9936
GO_LEUKOCYTE_CHEMOTAXIS	-0.9918694098941536	0.3360254116823801	0.9936
GO_CELL_SUBSTRATE_ADHESION	-0.6411350764645258	0.5305121853073338	0.9936
GO_ORGANIC_HYDROXY_COMPOUND_TRANSPORT	0.5661414817649069	0.5791524128894663	0.9936
GO_REGULATION_OF_ACTIN_FILAMENT_BASED_PROCESS	-0.30893888024775457	0.7613544725726146	0.9936
GO_WOUND_HEALING	0.41551908926730663	0.6832811036176649	0.9936
GO_NUCLEOBASE_CONTAINING_SMALL_MOLECULE_METABOLIC_PROCESS	-1.045037912267879	0.3115378451711661	0.9936
GO_POSITIVE_REGULATION_OF_LEUKOCYTE_PROLIFERATION	0.8388496744710229	0.41391127257496496	0.9936
GO_DEFENSE_RESPONSE	0.5646408358690683	0.580148759924506	0.9936
GO_PHOSPHOLIPID_BIOSYNTHETIC_PROCESS	0.7730269589129842	0.4507763594923676	0.9936
GO_POSITIVE_REGULATION_OF_HYDROLASE_ACTIVITY	-0.2406282906780969	0.8128993639352567	0.9936
GO_CYTOKINE_PRODUCTION	1.0475852080870804	0.310397803833841	0.9936
GO_CELL_MOTILITY	-0.92543762291116	0.3684869033243673	0.9936
GO_REGULATION_OF_MONONUCLEAR_CELL_MIGRATION	-1.6558726470038292	0.11722545526040495	0.9936
GO_MICROTUBULE_CYTOSKELETON_ORGANIZATION	-1.1361263036751061	0.27263524423701335	0.9936
GO_HISTONE_EXCHANGE	-1.137498124647656	0.2720784195619955	0.9936
GO_LIPID_HOMEOSTASIS	-0.3533728915371095	0.728421873617769	0.9936
GO_PEPTIDE_METABOLIC_PROCESS	-1.3220518094102551	0.20474102019075638	0.9936
GO_GLYCEROLIPID_METABOLIC_PROCESS	1.0469569781356312	0.3106786872220942	0.9936
GO_PEPTIDYL_AMINO_ACID_MODIFICATION	-0.7069364328148792	0.4897746830861165	0.9936
GO_SECRETION	-0.8161906999442613	0.4263762176954363	0.9936
GO_CELL_ACTIVATION_INVOLVED_IN_IMMUNE_RESPONSE	-0.5681383435188581	0.5778279724849219	0.9936
GO_ANION_TRANSPORT	0.31856763647521186	0.7541751314462678	0.9936
GO_CELL_CELL_ADHESION	1.10643070367398	0.28489875373277523	0.9936
GO_CHOLESTEROL_EFFLUX	-0.20933132167817392	0.836831618970925	0.9936
GO_CHROMATIN_ASSEMBLY_OR_DISASSEMBLY	-1.0098406006143377	0.32760043484659795	0.9936
GO_REGULATION_OF_LIPID_BIOSYNTHETIC_PROCESS	0.10526118135408942	0.917476891827448	0.9936
GO_RESPONSE_TO_XENOBIOTIC_STIMULUS	-0.02964184522279788	0.9767192870906852	0.9936
GO_POSITIVE_REGULATION_OF_RESPONSE_TO_EXTERNAL_STIMULUS	-0.0024187338621471247	0.9981000321925932	0.9985
GO_POSTTRANSCRIPTIONAL_REGULATION_OF_GENE_EXPRESSION	-1.2689476650643459	0.22260992670771326	0.9936
GO_RESPONSE_TO_ENDOGENOUS_STIMULUS	-0.7688646443880254	0.4531743613232191	0.9936
GO_EMBRYO_DEVELOPMENT	1.016699376498741	0.32442493133459427	0.9936
GO_REGULATION_OF_LEUKOCYTE_DIFFERENTIATION	1.0422330496533185	0.3127966568237614	0.9936
GO_DNA_CONFORMATION_CHANGE	-0.9775748375298507	0.34283505563172645	0.9936
GO_SEXUAL_REPRODUCTION	0.14601255128631643	0.885735241341717	0.9936
GO_EPIDERMAL_CELL_DIFFERENTIATION	1.2065055070284374	0.24515963960163722	0.9936
GO_TAXIS	-0.8129368355154679	0.4281857311502777	0.9936
GO_SMALL_MOLECULE_BIOSYNTHETIC_PROCESS	-0.04550615563852241	0.9642669961125008	0.9936
GO_REGULATION_OF_MYELOID_CELL_DIFFERENTIATION	0.7550339271317444	0.4611990340031792	0.9936
GO_REGULATION_OF_RESPONSE_TO_EXTERNAL_STIMULUS	0.3307126325171079	0.7451528265104314	0.9936
GO_POSITIVE_REGULATION_OF_MUSCLE_CONTRACTION	-0.09682651206758558	0.9240666649046884	0.9936
GO_STRIATED_MUSCLE_CONTRACTION	-1.6093504596524133	0.12709003469846136	0.9936
GO_LEUKOCYTE_MIGRATION	-1.5519098670636349	0.14023757542212864	0.9936
GO_NEGATIVE_REGULATION_OF_GENE_EXPRESSION_EPIGENETIC	-0.5849910221429889	0.5667128823864627	0.9936
GO_POSITIVE_REGULATION_OF_CATALYTIC_ACTIVITY	-0.7622415336811776	0.4570063142701192	0.9936
GO_PEPTIDYL_LYSINE_MODIFICATION	-0.6291954402975832	0.5381018455172197	0.9936
GO_REGULATION_OF_LIPID_METABOLIC_PROCESS	-0.24731998939142763	0.8078062135503487	0.9936
GO_REGULATION_OF_HEMOPOIESIS	1.1729932813770803	0.257966309218806	0.9936
GO_ION_TRANSMEMBRANE_TRANSPORT	0.03584167810101948	0.971851960085698	0.9936
GO_POSITIVE_REGULATION_OF_PROTEIN_TYROSINE_KINASE_ACTIVITY	-2.499545377464483	0.02369588816548294	0.9936
GO_MITOTIC_CELL_CYCLE	-1.009175796146341	0.32790940028398763	0.9936
GO_POSITIVE_REGULATION_OF_CELLULAR_COMPONENT_BIOGENESIS	-0.6037249809708165	0.5544901894413916	0.9936
GO_BONE_DEVELOPMENT	0.495066058713256	0.6272831109833807	0.9936
GO_NEGATIVE_REGULATION_OF_TRANSPORT	-0.32285308014652975	0.7509872701812098	0.9936
GO_PROTEIN_LOCALIZATION_TO_MEMBRANE	-1.3574302840509758	0.1934839871178406	0.9936
GO_REGULATION_OF_TRANSPORTER_ACTIVITY	-0.6771620641995584	0.5079765757844577	0.9936
GO_EAR_DEVELOPMENT	0.35947630470385944	0.7239392081015164	0.9936
GO_POSITIVE_REGULATION_OF_MOLECULAR_FUNCTION	-0.7476793786554017	0.4655014272194725	0.9936
GO_LYMPHOCYTE_ACTIVATION	1.279995976094531	0.2187946194409078	0.9936
GO_DEFENSE_RESPONSE_TO_OTHER_ORGANISM	-0.28061776407131245	0.7825996959194065	0.9936
GO_LEUKOCYTE_PROLIFERATION	0.33734574955488233	0.7402412343311086	0.9936
GO_REGULATION_OF_SMALL_GTPASE_MEDIATED_SIGNAL_TRANSDUCTION	0.1224823501369518	0.9040422791175022	0.9936
GO_ORGANELLE_FISSION	-1.1817720453072131	0.2545632737801311	0.9936
GO_MUSCLE_STRUCTURE_DEVELOPMENT	0.14605766790760988	0.885700200213407	0.9936
GO_CELLULAR_RESPONSE_TO_HORMONE_STIMULUS	-0.08667175300425078	0.9320078370464273	0.9936
GO_DNA_REPAIR	-0.7617040426403041	0.45731816521596147	0.9936
GO_PROTEIN_HETEROTETRAMERIZATION	-0.8305835967247075	0.4184309323621581	0.9936
GO_MUSCLE_CONTRACTION	-1.4394389894421002	0.16930387936740143	0.9936
GO_ENZYME_LINKED_RECEPTOR_PROTEIN_SIGNALING_PATHWAY	-0.7381976693743244	0.47108413464350574	0.9936
GO_REGULATION_OF_CALCIUM_ION_TRANSMEMBRANE_TRANSPORT	-2.4412550540783666	0.02663462562625368	0.9936
GO_RESPONSE_TO_BACTERIUM	-0.05140691295308584	0.9596376036845042	0.9936
GO_POSITIVE_REGULATION_OF_LEUKOCYTE_MIGRATION	-0.4998950739610568	0.6239538023386949	0.9936
GO_REGULATION_OF_SECRETION	-0.46270737838938875	0.6498047064164556	0.9936
GO_CELLULAR_RESPONSE_TO_TOXIC_SUBSTANCE	0.22982115215946464	0.8211430875550357	0.9936
GO_LYMPHOCYTE_MEDIATED_IMMUNITY	0.5509682397677219	0.589266961331649	0.9936
GO_DETECTION_OF_CHEMICAL_STIMULUS_INVOLVED_IN_SENSORY_PERCEPTION_OF_TASTE	1.4525951708240297	0.16566567561169107	0.9936
GO_CELLULAR_HORMONE_METABOLIC_PROCESS	0.3782886189317946	0.7101882485954801	0.9936
GO_REGULATION_OF_PEPTIDYL_TYROSINE_PHOSPHORYLATION	-3.5750424709423108	0.0025291080405842456	0.9936
GO_REGULATION_OF_CATABOLIC_PROCESS	-0.5431333482492903	0.5945245016785197	0.9936
GO_POSITIVE_REGULATION_OF_ION_TRANSPORT	0.6715540658474727	0.5114480035519835	0.9936
GO_HUMORAL_IMMUNE_RESPONSE	-0.20400521276686617	0.8409216523162145	0.9936
GO_MYELOID_LEUKOCYTE_ACTIVATION	-0.5130260949705132	0.6149433989815409	0.9936
GO_REPRODUCTIVE_SYSTEM_DEVELOPMENT	1.3371311027880153	0.19988059705615058	0.9936
GO_GLIOGENESIS	-0.24203519653347616	0.8118278182246522	0.9936
GO_MAINTENANCE_OF_LOCATION	-0.5873112542493094	0.5651914234519002	0.9936
GO_POSITIVE_REGULATION_OF_CALCIUM_ION_TRANSMEMBRANE_TRANSPORT	-1.4561657603938833	0.16468945621867515	0.9936
GO_SENSORY_PERCEPTION_OF_TASTE	0.2743976289648456	0.7872903411753953	0.9936
GO_POSITIVE_REGULATION_OF_CELL_ADHESION	1.018026336581853	0.3238131133185016	0.9936
GO_ORGANIC_ACID_METABOLIC_PROCESS	-0.8013929811419178	0.43464482695199547	0.9936
GO_CYCLIC_NUCLEOTIDE_MEDIATED_SIGNALING	-0.4855104454797347	0.6338956402592071	0.9936
GO_REGULATION_OF_SYMBIOSIS_ENCOMPASSING_MUTUALISM_THROUGH_PARASITISM	-1.8079865344676638	0.08944295808079204	0.9936
GO_POSITIVE_REGULATION_OF_IMMUNE_SYSTEM_PROCESS	0.1771494781333088	0.8616141184303954	0.9936
GO_CELLULAR_AMIDE_METABOLIC_PROCESS	-1.0685580959240353	0.30112606705148404	0.9936
GO_POSITIVE_REGULATION_OF_PHOSPHORUS_METABOLIC_PROCESS	-1.054557738929457	0.3072926964697618	0.9936
GO_REGULATION_OF_MEGAKARYOCYTE_DIFFERENTIATION	0.8843182111707972	0.3896200706415809	0.9936
GO_NEGATIVE_REGULATION_OF_HEMOPOIESIS	0.6819353450237018	0.5050325537305895	0.9936
GO_REGULATION_OF_MUSCLE_CELL_DIFFERENTIATION	-0.8441769924080988	0.41101528268891774	0.9936
GO_REGULATION_OF_METAL_ION_TRANSPORT	-1.2652979580788741	0.22388168484378054	0.9936
GO_CARBOHYDRATE_DERIVATIVE_BIOSYNTHETIC_PROCESS	0.14031439811314897	0.8901628209648975	0.9936
GO_RAS_PROTEIN_SIGNAL_TRANSDUCTION	0.7016548085294265	0.492975199071765	0.9936
GO_REGULATION_OF_HORMONE_SECRETION	-0.04834159883270379	0.9620422962354204	0.9936
GO_REGULATION_OF_CALCIUM_ION_TRANSPORT	-1.2971904430477568	0.21295947614815833	0.9936
GO_SENSORY_PERCEPTION_OF_LIGHT_STIMULUS	2.1124327815787822	0.05072056485853313	0.9936
GO_RESPONSE_TO_HORMONE	-0.26966136737579405	0.7908676797407133	0.9936
GO_CILIUM_ORGANIZATION	-0.7313017675504337	0.47516967290757695	0.9936
GO_REGULATION_OF_CELLULAR_LOCALIZATION	-1.770192971343469	0.09574416203165949	0.9936
GO_NEGATIVE_REGULATION_OF_ESTABLISHMENT_OF_PROTEIN_LOCALIZATION	-0.14875887422461417	0.8836026793405345	0.9936
GO_REGULATION_OF_CELLULAR_KETONE_METABOLIC_PROCESS	0.044887532809978814	0.9647524111997015	0.9936
GO_INTERFERON_GAMMA_PRODUCTION	0.14243760391205285	0.8885126001031858	0.9936
GO_ORGANIC_ACID_CATABOLIC_PROCESS	-0.5090328869186146	0.6176768686184798	0.9936
GO_AMIDE_BIOSYNTHETIC_PROCESS	-1.3679598324300957	0.1902313869215964	0.9936
GO_POSITIVE_REGULATION_OF_MULTICELLULAR_ORGANISMAL_PROCESS	-0.06245840689103065	0.9509713878970725	0.9936
GO_INNATE_IMMUNE_RESPONSE	-0.11324495075861865	0.911245106320486	0.9936
GO_G_PROTEIN_COUPLED_RECEPTOR_SIGNALING_PATHWAY	0.046894201115671386	0.9631778908932266	0.9936
GO_COVALENT_CHROMATIN_MODIFICATION	-0.4501342968750282	0.6586527022216584	0.9936
GO_SKELETAL_MUSCLE_ORGAN_DEVELOPMENT	0.010758427634660435	0.9915491866589183	0.9946
GO_PROTEIN_LIPID_COMPLEX_SUBUNIT_ORGANIZATION	-1.0139943921046082	0.3256746645229325	0.9936
GO_RESPONSE_TO_ORGANIC_CYCLIC_COMPOUND	-1.0050686003228415	0.3298227979359911	0.9936
GO_FAT_SOLUBLE_VITAMIN_METABOLIC_PROCESS	-0.5285224548206634	0.6043913386298301	0.9936
GO_REGULATION_OF_RESPONSE_TO_STRESS	0.47317838055103223	0.6424770138276688	0.9936
GO_CELLULAR_LIPID_CATABOLIC_PROCESS	-1.071417617209151	0.2998777344885289	0.9936
GO_GRANULOCYTE_MIGRATION	-0.670995660873484	0.5117944057930248	0.9936
GO_POSITIVE_REGULATION_OF_CELL_ACTIVATION	0.7469515265698636	0.46592854487574975	0.9936
GO_BLOOD_VESSEL_MORPHOGENESIS	0.5506721410210824	0.5894652280469528	0.9936
GO_PROTEIN_PHOSPHORYLATION	-1.1432871433531073	0.2697380411014294	0.9936
GO_REGULATION_OF_CELL_DIFFERENTIATION	0.21461716592912752	0.8327772797786306	0.9936
GO_ENDOTHELIUM_DEVELOPMENT	-0.2048252253493578	0.8402916372237528	0.9936
GO_DOUBLE_STRAND_BREAK_REPAIR	-0.11363060985000545	0.9109442255376254	0.9936
GO_RESPONSE_TO_INTERLEUKIN_1	-0.7431281508023404	0.46817609020998574	0.9936
GO_NEGATIVE_REGULATION_OF_DEFENSE_RESPONSE	0.7373646472272511	0.471576535656855	0.9936
GO_RESPONSE_TO_ESTROGEN	0.6898088797962904	0.5001979840091082	0.9936
GO_DETOXIFICATION	-0.10386127688867004	0.9185701818100037	0.9936
GO_SMALL_GTPASE_MEDIATED_SIGNAL_TRANSDUCTION	0.6002253126468757	0.5567627293380486	0.9936
GO_REGULATION_OF_PEPTIDASE_ACTIVITY	-0.3973885481067717	0.6963321073266215	0.9936
GO_POSITIVE_REGULATION_OF_TRANSFERASE_ACTIVITY	-0.7860280814916716	0.4433369943817337	0.9936
GO_REGULATION_OF_IMMUNE_SYSTEM_PROCESS	0.8320889756552786	0.41760546918570907	0.9936
GO_NEGATIVE_REGULATION_OF_MITOTIC_CELL_CYCLE	-0.3470111233670454	0.7331051477347632	0.9936
GO_NEGATIVE_REGULATION_OF_MOLECULAR_FUNCTION	-0.22839497922121785	0.8222326196558885	0.9936
GO_REGULATION_OF_LYMPHOCYTE_DIFFERENTIATION	0.6387266938965707	0.53203831282268	0.9936
GO_CHROMATIN_ORGANIZATION	-0.4621329292178724	0.6502077961970485	0.9936
GO_ORGANIC_ANION_TRANSPORT	0.2065425405950743	0.8389725889263526	0.9936
GO_RESPONSE_TO_OXYGEN_CONTAINING_COMPOUND	-0.45159377780060994	0.6576229037132404	0.9936
GO_GASTRULATION	0.6286759968359695	0.5384333913275793	0.9936
GO_VIRAL_GENOME_REPLICATION	0.0750700300106968	0.9410895948519948	0.9936
GO_HOMEOSTASIS_OF_NUMBER_OF_CELLS	-0.7294391424511866	0.47627684788327873	0.9936
GO_REGULATION_OF_LIPID_TRANSPORT	-0.01663201089327354	0.9869358218273975	0.9936
GO_POSITIVE_REGULATION_OF_HORMONE_SECRETION	0.3007359047095937	0.7674885767549562	0.9936
GO_REGULATION_OF_LYMPHOCYTE_MEDIATED_IMMUNITY	0.6244557345586758	0.5411312207841709	0.9936
GO_NOTCH_SIGNALING_PATHWAY	0.9745270432290308	0.3442993858370387	0.9936
GO_RESPONSE_TO_RADIATION	0.45346402523136026	0.6563043122976333	0.9936
GO_INFLAMMATORY_RESPONSE	1.0388181624055242	0.31433419496934883	0.9936
GO_REGULATION_OF_NIK_NF_KAPPAB_SIGNALING	1.8376291971257357	0.08475952146199339	0.9936
GO_REGULATION_OF_CELL_CYCLE	-0.5470315011914629	0.5919057400125676	0.9936
GO_TUBE_DEVELOPMENT	0.48312635005924304	0.6355504824829905	0.9936
GO_LOCOMOTION	-0.8940360211085374	0.3845539451475958	0.9936
GO_RESPONSE_TO_EXTRACELLULAR_STIMULUS	-0.6807169439458851	0.5057830908031684	0.9936
GO_ORGANELLE_ASSEMBLY	-1.0940796060455118	0.2901182322700697	0.9936
GO_GLYCEROLIPID_BIOSYNTHETIC_PROCESS	0.9962570277303189	0.33395449316337666	0.9936
GO_NIK_NF_KAPPAB_SIGNALING	0.12794808350180012	0.8997844242943687	0.9936
GO_NEGATIVE_REGULATION_OF_SECRETION	-0.5016631119535111	0.6227369460621025	0.9936
GO_REGULATION_OF_PROTEIN_CATABOLIC_PROCESS	-0.5269739860946434	0.6054417380699082	0.9936
GO_OXIDATION_REDUCTION_PROCESS	-0.7679567873073478	0.45369844473116516	0.9936
GO_VIRAL_LIFE_CYCLE	-1.500235855568629	0.15302711509811356	0.9936
GO_CELL_MORPHOGENESIS_INVOLVED_IN_DIFFERENTIATION	-0.11267717477917434	0.9116880951444992	0.9936
GO_NEGATIVE_REGULATION_OF_CHROMOSOME_ORGANIZATION	-1.115136108574112	0.2812619447587844	0.9936
GO_NEGATIVE_REGULATION_OF_INFLAMMATORY_RESPONSE	0.22477537603049555	0.8249995166606845	0.9936
GO_DNA_TEMPLATED_TRANSCRIPTION_INITIATION	-0.829551427170273	0.418997522688371	0.9936
GO_CELLULAR_PROCESS_INVOLVED_IN_REPRODUCTION_IN_MULTICELLULAR_ORGANISM	2.0661061199225212	0.055404199895056745	0.9936
GO_POSITIVE_REGULATION_OF_CELL_DEATH	-0.21564387554600406	0.8319903360184291	0.9936
GO_TUMOR_NECROSIS_FACTOR_MEDIATED_SIGNALING_PATHWAY	0.23260163161900904	0.8190200152627177	0.9936
GO_DEFENSE_RESPONSE_TO_GRAM_NEGATIVE_BACTERIUM	-1.3712120573163777	0.18923573012707467	0.9936
GO_SIGNAL_RELEASE	-0.3122946359806853	0.7588497755282676	0.9936
GO_REGULATION_OF_T_CELL_DIFFERENTIATION	0.8179772105524314	0.4253847988844689	0.9936
GO_ADAPTIVE_IMMUNE_RESPONSE	0.5660091065449901	0.5792402673947203	0.9936
GO_REGULATION_OF_PROTEASOMAL_PROTEIN_CATABOLIC_PROCESS	0.17863213451504845	0.8604688556263789	0.9936
GO_CELLULAR_RESPONSE_TO_NITROGEN_COMPOUND	0.09386904822928258	0.9263786283772973	0.9936
GO_NEGATIVE_REGULATION_OF_CELL_DEATH	1.3840738282253302	0.18533932198145797	0.9936
GO_NEUROGENESIS	0.24085177204115144	0.8127291274732135	0.9936
GO_ENDOMEMBRANE_SYSTEM_ORGANIZATION	-0.2143178277529142	0.8330067486182714	0.9936
GO_GLYCEROPHOSPHOLIPID_METABOLIC_PROCESS	0.8540447802465864	0.40568596997950623	0.9936
GO_REGULATION_OF_NERVOUS_SYSTEM_PROCESS	-0.34593652764768096	0.7338973035730609	0.9936
GO_REGULATION_OF_DNA_METABOLIC_PROCESS	0.1737060228182855	0.8642752068703159	0.9936
GO_GROWTH	0.29728825251763147	0.7700714976262284	0.9936
GO_EMBRYONIC_MORPHOGENESIS	1.2371407992087256	0.23388518618432802	0.9936
GO_DIGESTIVE_SYSTEM_PROCESS	-1.4865352866603865	0.15657683413645798	0.9936
GO_NEGATIVE_REGULATION_OF_CATALYTIC_ACTIVITY	0.013894113442337725	0.9890862349064663	0.9936
GO_POSITIVE_REGULATION_OF_CYTOKINE_SECRETION	0.7948302908241404	0.4383441858439525	0.9936
GO_MONOCARBOXYLIC_ACID_BIOSYNTHETIC_PROCESS	0.3846202528348423	0.7055829884273171	0.9936
GO_SYNAPTIC_SIGNALING	0.4541821464780685	0.6557983224583702	0.9936
GO_RESPONSE_TO_LIPID	-0.48772428576074334	0.6323607697816878	0.9936
GO_FATTY_ACID_METABOLIC_PROCESS	-0.4522348807470563	0.6571707713232242	0.9936
GO_ACTIVATION_OF_IMMUNE_RESPONSE	-0.3215309002553403	0.7519703212700666	0.9936
GO_POSITIVE_REGULATION_OF_PROTEIN_METABOLIC_PROCESS	-1.3914164788403074	0.183144207871596	0.9936
GO_NEGATIVE_REGULATION_OF_CYTOKINE_SECRETION	-1.009295304640775	0.327853843879518	0.9936
GO_EPIDERMIS_DEVELOPMENT	0.28517627564430154	0.7791675738085271	0.9936
GO_ACTIN_MEDIATED_CELL_CONTRACTION	-1.1950545944260342	0.24947958659199715	0.9936
GO_REGULATION_OF_DIGESTIVE_SYSTEM_PROCESS	-0.5171009473730459	0.612160069397917	0.9936
GO_LIPID_METABOLIC_PROCESS	0.10772155043618932	0.9155558216375936	0.9936
GO_REGULATION_OF_PROTEIN_LOCALIZATION	-1.327625053712845	0.2029337614640801	0.9936
GO_STEROID_METABOLIC_PROCESS	-0.05195879303619509	0.959204704171875	0.9936
GO_DIVALENT_INORGANIC_CATION_HOMEOSTASIS	-0.36713519783209825	0.718328783176481	0.9936
GO_NEGATIVE_REGULATION_OF_RESPONSE_TO_CYTOKINE_STIMULUS	0.5448789216098278	0.5933511157444336	0.9936
GO_DRUG_METABOLIC_PROCESS	-0.19076144877361195	0.8511119977622954	0.9936
GO_RESPONSE_TO_ABIOTIC_STIMULUS	-0.7929718084274417	0.4393953992038364	0.9936
GO_DRUG_TRANSPORT	0.33606311172340697	0.7411900859011863	0.9936
GO_MULTI_MULTICELLULAR_ORGANISM_PROCESS	1.0543287121182683	0.3073943308109135	0.9936
GO_MYELOID_LEUKOCYTE_MEDIATED_IMMUNITY	-0.4802138615303719	0.6375748012072779	0.9936
GO_ALCOHOL_METABOLIC_PROCESS	-0.3725996022623448	0.7143360310925471	0.9936
GO_POSITIVE_REGULATION_OF_INTRACELLULAR_SIGNAL_TRANSDUCTION	-0.8431685826116397	0.41156245189275364	0.9936
GO_NEGATIVE_REGULATION_OF_GROWTH	-0.8051435581212877	0.432539541582009	0.9936
GO_REGULATION_OF_SYSTEM_PROCESS	-0.9197337929961621	0.3713708732210037	0.9936
GO_REGULATION_OF_CYTOSOLIC_CALCIUM_ION_CONCENTRATION	-0.7542322734445429	0.46166681411870025	0.9936
GO_RESPONSE_TO_BMP	0.24985102434974382	0.8058821169230665	0.9936
GO_SMALL_MOLECULE_CATABOLIC_PROCESS	-0.7179867277612627	0.4831183110886119	0.9936
GO_HEAD_DEVELOPMENT	0.14052829839585837	0.8899965473210314	0.9936
GO_CYTOKINE_SECRETION	0.36683821486028373	0.7185460268565733	0.9936
GO_LYMPHOCYTE_CHEMOTAXIS	-0.5783350495360575	0.571089351952428	0.9936
GO_ORGANIC_CYCLIC_COMPOUND_CATABOLIC_PROCESS	-0.8275045481405474	0.42012258123778534	0.9936
GO_NON_RECOMBINATIONAL_REPAIR	-0.7067885066469047	0.48986415510321857	0.9936
GO_CARBOHYDRATE_METABOLIC_PROCESS	-1.0805728583396847	0.29590643691938584	0.9936
GO_REGULATION_OF_CELL_CELL_ADHESION	1.9405666835382407	0.07014154541922907	0.9936
GO_REGULATION_OF_T_CELL_MEDIATED_IMMUNITY	0.4584368596408202	0.6528039996689908	0.9936
GO_CELL_SURFACE_RECEPTOR_SIGNALING_PATHWAY_INVOLVED_IN_CELL_CELL_SIGNALING	-0.6175698142275475	0.5455489306057315	0.9936
GO_MEIOTIC_CELL_CYCLE	0.14861329823317826	0.8837156982866434	0.9936
GO_CELLULAR_LIPID_METABOLIC_PROCESS	0.5005270913660638	0.6235186854636984	0.9936
GO_INTERSPECIES_INTERACTION_BETWEEN_ORGANISMS	-2.129144309465917	0.04912208805064594	0.9936
GO_GLUCOSE_METABOLIC_PROCESS	-1.0929815627241442	0.29058565056289976	0.9936
GO_CARBOHYDRATE_HOMEOSTASIS	-0.22883732029876358	0.8218946506119709	0.9936
GO_CELL_CYCLE	-0.9950498081671446	0.33452338928203396	0.9936
GO_REGULATION_OF_MYOTUBE_DIFFERENTIATION	-1.137228405601358	0.27218783160316684	0.9936
GO_CELLULAR_CARBOHYDRATE_METABOLIC_PROCESS	0.39528086972662574	0.6978558022374107	0.9936
GO_RESPONSE_TO_DRUG	-0.3352230634873216	0.7418117588345744	0.9936
GO_LIPID_BIOSYNTHETIC_PROCESS	0.8144035983170841	0.427369440897008	0.9936
GO_MEGAKARYOCYTE_DIFFERENTIATION	1.1702963983111494	0.25901865254006595	0.9936
GO_RESPONSE_TO_GROWTH_FACTOR	-1.1521696673131991	0.2661764988967106	0.9936
GO_REGULATION_OF_LEUKOCYTE_MEDIATED_IMMUNITY	0.6913763260285103	0.4992387485455536	0.9936
GO_REGULATION_OF_CHROMATIN_ORGANIZATION	-1.1030809479246277	0.28630741267892357	0.9936
GO_CELL_FATE_COMMITMENT	1.1728102227501485	0.2580376371032606	0.9936
GO_POSITIVE_REGULATION_OF_PEPTIDYL_TYROSINE_PHOSPHORYLATION	-2.9261297255153487	0.009889476444749301	0.9936
GO_NEGATIVE_REGULATION_OF_HYDROLASE_ACTIVITY	-0.31884825211706225	0.7539662454446903	0.9936
GO_MULTI_ORGANISM_REPRODUCTIVE_PROCESS	1.4592672995146656	0.16384533361946002	0.9936
GO_REGULATION_OF_PLASMA_LIPOPROTEIN_PARTICLE_LEVELS	-1.3552815756949173	0.1941531958048079	0.9936
GO_DETECTION_OF_STIMULUS	1.3945302360830405	0.1822197320847305	0.9936
GO_REGULATION_OF_LEUKOCYTE_CHEMOTAXIS	-1.0539135642049855	0.30757862155453247	0.9936
GO_REGULATION_OF_TUMOR_NECROSIS_FACTOR_MEDIATED_SIGNALING_PATHWAY	1.5802565070232055	0.1336122403840172	0.9936
GO_PEPTIDYL_TYROSINE_MODIFICATION	-2.247714039026855	0.039047456216994465	0.9936
GO_LEUKOCYTE_CELL_CELL_ADHESION	1.4180894166388953	0.1753473484723182	0.9936
GO_MULTICELLULAR_ORGANISMAL_HOMEOSTASIS	-0.5700048713891374	0.5765913915829608	0.9936
GO_POSITIVE_REGULATION_OF_CYTOKINE_PRODUCTION	1.4381593470680478	0.16966122920276758	0.9936
GO_GAMETE_GENERATION	0.6187901244735149	0.544764604153154	0.9936
GO_REGULATION_OF_CELLULAR_AMIDE_METABOLIC_PROCESS	-0.5599408807501962	0.5832749601896083	0.9936
GO_DNA_REPLICATION_DEPENDENT_NUCLEOSOME_ORGANIZATION	-1.407501214648739	0.17840937436804707	0.9936
GO_CELLULAR_COMPONENT_MORPHOGENESIS	-0.23192105046127764	0.8195395483907246	0.9936
GO_NEGATIVE_REGULATION_OF_MEGAKARYOCYTE_DIFFERENTIATION	-0.001930557172367777	0.9984835049798657	0.9985
GO_POSITIVE_REGULATION_OF_PROTEIN_MODIFICATION_PROCESS	-1.4348420302411806	0.17059050035872617	0.9936
GO_DEPHOSPHORYLATION	-0.4845872719419116	0.6345361937008718	0.9936
GO_POSITIVE_REGULATION_OF_CELL_CELL_ADHESION	1.6636994169012425	0.11563218496547167	0.9936
GO_MULTICELLULAR_ORGANISMAL_SIGNALING	-2.044269444622655	0.057746020434095185	0.9936
GO_NEGATIVE_REGULATION_OF_DEVELOPMENTAL_PROCESS	-0.13581272362153043	0.8936633773192357	0.9936
GO_ORGANIC_HYDROXY_COMPOUND_BIOSYNTHETIC_PROCESS	0.24451511412985996	0.8099399731708246	0.9936
GO_MYOTUBE_DIFFERENTIATION	-0.3050046689667335	0.7642944145820075	0.9936
GO_REGULATION_OF_RESPONSE_TO_BIOTIC_STIMULUS	0.21843627524520393	0.8298509769657214	0.9936
GO_REGULATION_OF_ANATOMICAL_STRUCTURE_MORPHOGENESIS	-0.575628930616544	0.5728737236253072	0.9936
GO_HOMOTYPIC_CELL_CELL_ADHESION	-0.9871277812898213	0.33827358478078007	0.9936
GO_POSITIVE_REGULATION_OF_IMMUNE_EFFECTOR_PROCESS	-0.13200529296122263	0.8966258577455479	0.9936
GO_MACROMOLECULE_CATABOLIC_PROCESS	-0.9955235468782296	0.33430006074858254	0.9936
GO_DEVELOPMENTAL_PROCESS_INVOLVED_IN_REPRODUCTION	1.2440708202427913	0.23139144771538858	0.9936
GO_REGULATION_OF_CELLULAR_PROTEIN_CATABOLIC_PROCESS	-0.5557062511020028	0.5860990002817301	0.9936
GO_REGULATION_OF_CELL_DEATH	0.3040514433796308	0.7650073000993367	0.9936
GO_HEART_PROCESS	-1.2130970894127084	0.24269911646797057	0.9936
GO_MUSCLE_SYSTEM_PROCESS	-0.45870878320359754	0.6526128366617492	0.9936
GO_REGULATION_OF_MAP_KINASE_ACTIVITY	-0.42842420533770526	0.674054048828154	0.9936
GO_REGULATION_OF_CHEMOTAXIS	-2.4663339771412423	0.025330283977476366	0.9936
GO_NEGATIVE_REGULATION_OF_RESPONSE_TO_STIMULUS	-0.6976051568502183	0.49543747297151775	0.9936
GO_REGULATION_OF_MULTI_ORGANISM_PROCESS	-0.5229422845281357	0.6081808284483211	0.9936
GO_CELLULAR_RESPONSE_TO_ENDOGENOUS_STIMULUS	-0.5672223866214233	0.578435296961102	0.9936
GO_LIPID_CATABOLIC_PROCESS	-1.4307435630242151	0.17174435722768486	0.9936
GO_ION_HOMEOSTASIS	-0.28821629694830514	0.7768813447998774	0.9936
GO_POSITIVE_REGULATION_OF_ERK1_AND_ERK2_CASCADE	-0.9268748103183204	0.3677626477821285	0.9936
GO_POSITIVE_REGULATION_OF_PEPTIDE_SECRETION	-0.05535865209253481	0.9565381214555462	0.9936
GO_STEROL_TRANSPORT	-0.3643878235457499	0.7203394435492336	0.9936
GO_ORGANONITROGEN_COMPOUND_BIOSYNTHETIC_PROCESS	-0.5544025259326042	0.586969841928944	0.9936
GO_REGULATION_OF_CHROMOSOME_ORGANIZATION	-1.0271432818801252	0.3196318616384811	0.9936
GO_REGULATION_OF_CELL_ADHESION	1.6615046031137581	0.11607708443610501	0.9936
GO_REGULATION_OF_STEROID_METABOLIC_PROCESS	0.4231525918445885	0.6778168267716221	0.9936
GO_TUBE_MORPHOGENESIS	0.49883104631070213	0.6246866645989063	0.9936
GO_SENSORY_ORGAN_DEVELOPMENT	1.2690465342112138	0.22257555424968442	0.9936
GO_CELL_PROJECTION_ORGANIZATION	-0.569874441072139	0.576677757634044	0.9936
GO_NEGATIVE_REGULATION_OF_PROTEIN_METABOLIC_PROCESS	-0.504765129085041	0.6206047040567588	0.9936
GO_REGULATION_OF_INFLAMMATORY_RESPONSE	1.8037331359995616	0.09013338901151496	0.9936
GO_RESPONSE_TO_INTERFERON_GAMMA	-0.5475522309337436	0.591556356012888	0.9936
GO_POSITIVE_REGULATION_OF_BLOOD_CIRCULATION	0.04576094798569331	0.9640670722824454	0.9936
GO_SENSORY_ORGAN_MORPHOGENESIS	0.8229442719811093	0.4226361041679225	0.9936
GO_PROTEIN_DNA_COMPLEX_SUBUNIT_ORGANIZATION	-1.504939889967101	0.15182389890498943	0.9936
GO_RETINA_HOMEOSTASIS	0.11915014905647947	0.9066395869774359	0.9936
GO_NEGATIVE_REGULATION_OF_MULTI_ORGANISM_PROCESS	-0.08144836691287062	0.9360955490861519	0.9936
GO_NEURON_DIFFERENTIATION	0.42019909424840873	0.6799288423786414	0.9936
GO_PROTEASOMAL_PROTEIN_CATABOLIC_PROCESS	-0.01717955976999044	0.9865057751921485	0.9936
GO_FERTILIZATION	-1.097795618886499	0.28854050357525424	0.9936
GO_GLIAL_CELL_DIFFERENTIATION	-0.3006294412636501	0.7675682951458105	0.9936
GO_REGULATION_OF_PEPTIDE_SECRETION	-0.603553645794587	0.5546013315613911	0.9936
GO_LYMPHOCYTE_MIGRATION	-0.4408199017453256	0.6652415197636569	0.9936
GO_POSITIVE_REGULATION_OF_DEVELOPMENTAL_PROCESS	-0.09137946432248666	0.9283253613823472	0.9936
GO_RESPONSE_TO_BIOTIC_STIMULUS	-0.381086697450701	0.708151646149251	0.9936
GO_RESPONSE_TO_TOXIC_SUBSTANCE	-0.5889607362806106	0.5641111094467647	0.9936
GO_REGULATION_OF_PROTEIN_MODIFICATION_PROCESS	-1.7184423182379898	0.10500181159679407	0.9936
GO_EPITHELIAL_CELL_PROLIFERATION	-0.24785413343443247	0.8074000498629905	0.9936
GO_KERATINIZATION	-1.6006773593087562	0.12900538099521047	0.9936
GO_POSITIVE_REGULATION_OF_CELL_DEVELOPMENT	-0.5928335230112006	0.5615789518541769	0.9936
GO_MONOSACCHARIDE_METABOLIC_PROCESS	-1.1989749977402444	0.24799406421479672	0.9936
GO_TRANSMEMBRANE_RECEPTOR_PROTEIN_TYROSINE_KINASE_SIGNALING_PATHWAY	-1.036229496841933	0.31550335423746045	0.9936
GO_NEGATIVE_REGULATION_OF_CELL_ADHESION	1.818473720340743	0.08776052505845251	0.9936
GO_POSITIVE_REGULATION_OF_TRANSPORT	-0.5740047374734472	0.5739460817758657	0.9936
GO_MONOCYTE_CHEMOTAXIS	-0.9201315605595363	0.37116925742838003	0.9936
GO_MYELOID_CELL_DIFFERENTIATION	0.8544000115680431	0.405494966484788	0.9936
GO_REGULATION_OF_CELLULAR_COMPONENT_MOVEMENT	-1.3555019820378447	0.1940844653582398	0.9936
GO_NEGATIVE_REGULATION_OF_IMMUNE_SYSTEM_PROCESS	0.7186969817179494	0.4826923231229995	0.9936
GO_ACTIN_FILAMENT_ORGANIZATION	-0.4487917048596357	0.659600651906791	0.9936
GO_FEEDING_BEHAVIOR	0.2235455414331428	0.8259401715295303	0.9936
GO_REGULATION_OF_PROTEIN_SERINE_THREONINE_KINASE_ACTIVITY	0.13982286584674128	0.89054492962628	0.9936
GO_REGULATION_OF_TRANSPORT	-1.148661338782143	0.26757894210352834	0.9936
GO_T_CELL_MEDIATED_IMMUNITY	0.567734594144827	0.5780956376418427	0.9936
GO_REGULATION_OF_IMMUNE_EFFECTOR_PROCESS	0.7300257301212193	0.4759280034752229	0.9936
GO_CALCIUM_ION_TRANSMEMBRANE_TRANSPORT	-1.7958753909546046	0.09142125502662359	0.9936
GO_EXOCYTOSIS	-0.7383667339872725	0.47098423818459934	0.9936
GO_NEGATIVE_REGULATION_OF_MYELOID_CELL_DIFFERENTIATION	0.4278628630847125	0.6744543016437972	0.9936
GO_REGULATION_OF_MUSCLE_SYSTEM_PROCESS	-1.0836609870034277	0.2945756260644836	0.9936
GO_CHROMATIN_REMODELING	-0.5729181491116918	0.5746640729153185	0.9936
GO_IMPORT_INTO_CELL	-1.549056132798727	0.14091966085976823	0.9936
GO_REGULATION_OF_RESPONSE_TO_CYTOKINE_STIMULUS	1.5073487199422075	0.15121082037686048	0.9936
GO_PURINE_CONTAINING_COMPOUND_METABOLIC_PROCESS	-1.5864432271339408	0.1322020285458934	0.9936
GO_LIPID_LOCALIZATION	0.7411126775963778	0.4693635169335777	0.9936
GO_ACTIVATION_OF_PROTEIN_KINASE_ACTIVITY	-1.09044112902948	0.2916691973194744	0.9936
GO_REGULATION_OF_CELL_CYCLE_PROCESS	-1.1230675298956756	0.27797863864534184	0.9936
GO_CELL_KILLING	0.5877343376769217	0.5649142246988708	0.9936
GO_RESPONSE_TO_CYTOKINE	0.4744826000266887	0.6415669551529177	0.9936
GO_POSITIVE_REGULATION_OF_CELL_DIFFERENTIATION	0.05293302903456536	0.9584405372979672	0.9936
GO_STEROL_METABOLIC_PROCESS	-0.4665560736948586	0.6471069872128221	0.9936
GO_REGULATION_OF_POSTTRANSCRIPTIONAL_GENE_SILENCING	-1.1753996700430704	0.25703006442503373	0.9936
GO_REGULATION_OF_VIRAL_GENOME_REPLICATION	0.15840608013449442	0.8761189111700624	0.9936
GO_REPRODUCTION	0.6927143576228724	0.4984207567182454	0.9936
GO_REGULATION_OF_ION_TRANSPORT	-1.219314322292618	0.24039580831508373	0.9936
GO_NEURON_DEATH	-1.0783914314681282	0.29684916446169074	0.9936
GO_SIGNAL_TRANSDUCTION_BY_PROTEIN_PHOSPHORYLATION	-0.9725845473398673	0.34523494852775116	0.9936
GO_RECEPTOR_MEDIATED_ENDOCYTOSIS	-2.717547188240048	0.015214880328253102	0.9936
GO_CELLULAR_MACROMOLECULE_LOCALIZATION	-1.2056724903054226	0.24547195062577046	0.9936
GO_POSITIVE_REGULATION_OF_INFLAMMATORY_RESPONSE	1.8527503663266787	0.08245511786625034	0.9936
GO_SKIN_DEVELOPMENT	0.4625426027603242	0.649920317646637	0.9936
GO_PATTERN_SPECIFICATION_PROCESS	0.8361951162039913	0.41535924924487744	0.9936
GO_NEGATIVE_REGULATION_OF_VIRAL_GENOME_REPLICATION	-0.03472603683941699	0.972727741913194	0.9936
GO_EPITHELIAL_CELL_DIFFERENTIATION	0.5113856778624475	0.6160656074130302	0.9936
GO_METHYLATION	-0.4327640782346542	0.6709630175728364	0.9936
GO_REGULATION_OF_CELL_SHAPE	-1.2182775080946417	0.2407787420653036	0.9936
GO_RESPONSE_TO_NUTRIENT	0.05634460672759805	0.9557649142609579	0.9936
GO_ORGANELLE_LOCALIZATION	-0.9547924327734055	0.35388675060110397	0.9936
GO_PRODUCTION_OF_MOLECULAR_MEDIATOR_OF_IMMUNE_RESPONSE	-0.29792157547057596	0.7695968124106646	0.9936
GO_MACROMOLECULE_METHYLATION	-0.35555055209512454	0.7268213072196335	0.9936
GO_CHROMATIN_SILENCING_AT_RDNA	-0.8983928161613844	0.38229703886471034	0.9936
GO_POSITIVE_REGULATION_OF_IMMUNE_RESPONSE	-0.3323448452107975	0.7439431662948879	0.9936
GO_POSITIVE_REGULATION_OF_CHEMOTAXIS	-2.2262393377660348	0.04071681988094947	0.9936
GO_MUSCLE_CELL_DIFFERENTIATION	0.7100385918498552	0.48790058785547186	0.9936
GO_MULTICELLULAR_ORGANISM_REPRODUCTION	0.603299051555067	0.5547665044266561	0.9936
GO_POSITIVE_REGULATION_OF_INTERFERON_GAMMA_PRODUCTION	-0.16405579860391611	0.8717417548881066	0.9936
GO_REGULATION_OF_ORGANELLE_ORGANIZATION	-1.188676789334012	0.2519108139568424	0.9936
GO_NEGATIVE_REGULATION_OF_CYTOKINE_PRODUCTION	-0.2692646725480245	0.7911675272633243	0.9936
GO_REGULATION_OF_PROTEOLYSIS	-0.3064765115005721	0.7631941029845649	0.9936
GO_ENDOCYTOSIS	-1.899001113578648	0.07574845097602688	0.9936
GO_POSITIVE_REGULATION_OF_SECRETION	-0.21249802075032587	0.8344021244165604	0.9936
GO_NEGATIVE_REGULATION_OF_MULTICELLULAR_ORGANISMAL_PROCESS	-0.18155946605286524	0.8582086149686132	0.9936
GO_VITAMIN_METABOLIC_PROCESS	1.3625155722570939	0.1919075830687148	0.9936
GO_LYMPHOCYTE_ACTIVATION_INVOLVED_IN_IMMUNE_RESPONSE	0.23231493644263046	0.81923885826896	0.9936
GO_POSITIVE_REGULATION_OF_LEUKOCYTE_CHEMOTAXIS	-0.7295280802163238	0.4762239466100835	0.9936
GO_RESPONSE_TO_TUMOR_NECROSIS_FACTOR	0.16313566381642913	0.8724543458994775	0.9936
GO_CARDIAC_CONDUCTION	-1.1176051791660517	0.2802367648220877	0.9936
GO_CELLULAR_HOMEOSTASIS	-0.1997273510720485	0.844210132047876	0.9936
GO_PROTEIN_TETRAMERIZATION	-1.8457508893062586	0.08351480870946439	0.9936
GO_REGULATION_OF_ANION_TRANSPORT	-1.095332357371041	0.28958563493223033	0.9936
GO_DNA_PACKAGING	-1.0308377388971264	0.31794855817274614	0.9936
GO_REGULATION_OF_CELL_DEVELOPMENT	-0.02103493682111521	0.9834778792331058	0.9936
GO_NEGATIVE_REGULATION_OF_ORGANELLE_ORGANIZATION	-1.0888041985435233	0.29236895624244963	0.9936
GO_NEGATIVE_REGULATION_OF_CELL_DIFFERENTIATION	-0.07564166104218399	0.9406419181511402	0.9936
GO_POSITIVE_REGULATION_OF_MONOCYTE_CHEMOTAXIS	0.029996038229193236	0.9764411919217217	0.9936
GO_REGULATION_OF_MITOTIC_CELL_CYCLE	-1.1325365342406726	0.27409638024296457	0.9936
GO_T_CELL_DIFFERENTIATION	0.8825346452202251	0.39055469846142143	0.9936
GO_REGULATION_OF_CATION_CHANNEL_ACTIVITY	-1.4655327316111768	0.16215101332588452	0.9936
GO_TRANSMEMBRANE_TRANSPORT	-0.016762084732191148	0.9868336610372361	0.9936
GO_REGULATION_OF_GENE_EXPRESSION_EPIGENETIC	-0.47293986696358664	0.6426435076212438	0.9936
GO_NEGATIVE_REGULATION_OF_CELLULAR_COMPONENT_ORGANIZATION	-0.9757562515009586	0.34370828007561993	0.9936
GO_POSITIVE_REGULATION_OF_DEFENSE_RESPONSE	0.3938397175028723	0.6988984178420767	0.9936
GO_CENTROMERE_COMPLEX_ASSEMBLY	-0.5179767474483025	0.6115626519831792	0.9936
GO_POSITIVE_REGULATION_OF_STRIATED_MUSCLE_CELL_DIFFERENTIATION	0.08220376464986806	0.9355042736740448	0.9936
GO_INORGANIC_ION_TRANSMEMBRANE_TRANSPORT	-0.36298980526230207	0.7213633959882548	0.9936
GO_NEGATIVE_REGULATION_OF_CELL_CYCLE	-0.41997600558119796	0.6800884829328131	0.9936
GO_REGIONALIZATION	0.9293463645801725	0.3665194074459832	0.9936
GO_CENTRAL_NERVOUS_SYSTEM_DEVELOPMENT	-0.1077741402412581	0.9155147650750133	0.9936
GO_REGULATION_OF_PHOSPHORUS_METABOLIC_PROCESS	-1.405375720326354	0.1790292757370235	0.9936
GO_GENE_SILENCING_BY_RNA	-0.9177800536643751	0.37236224271729546	0.9936
GO_CELL_CELL_ADHESION_VIA_PLASMA_MEMBRANE_ADHESION_MOLECULES	-0.9975471674524653	0.33334727753445503	0.9936
GO_CIRCULATORY_SYSTEM_DEVELOPMENT	0.2100292853488778	0.8362959930594213	0.9936
GO_BEHAVIOR	1.0432347858354778	0.3123466606318027	0.9936
GO_CYTOSKELETON_DEPENDENT_INTRACELLULAR_TRANSPORT	-0.972350763481778	0.34534766530602734	0.9936
GO_DNA_REPLICATION_INDEPENDENT_NUCLEOSOME_ORGANIZATION	-0.9595893732611688	0.35153946594333985	0.9936
GO_RESPONSE_TO_VIRUS	0.29202402277613876	0.7740207563376086	0.9936
GO_ALCOHOL_BIOSYNTHETIC_PROCESS	0.01718944664727065	0.9864980100462718	0.9936
GO_ISOPRENOID_METABOLIC_PROCESS	-0.1300033954435185	0.898184128302807	0.9936
GO_NEGATIVE_REGULATION_OF_PROTEIN_MODIFICATION_PROCESS	-1.6693878476605495	0.11448594153681126	0.9936
GO_CELLULAR_RESPONSE_TO_DRUG	0.22628211585543898	0.8238474427550485	0.9936
GO_CELLULAR_RESPONSE_TO_DNA_DAMAGE_STIMULUS	-1.0069150887332394	0.32896160566436294	0.9936
GO_REGULATION_OF_GTPASE_ACTIVITY	-0.014363437682830804	0.9887176092720272	0.9936
GO_BIOLOGICAL_ADHESION	0.05577374998793089	0.9562125870946848	0.9936
GO_HORMONE_METABOLIC_PROCESS	0.7703808648889414	0.45229992031689004	0.9936
GO_CELL_CYCLE_PROCESS	-1.0152050922589242	0.3251148838807656	0.9936
GO_REGULATION_OF_GENE_SILENCING	-1.5567245519483166	0.13909310005483316	0.9936
GO_ENDOCRINE_PROCESS	0.7859940582699901	0.44335636198728734	0.9936
GO_POSITIVE_REGULATION_OF_ESTABLISHMENT_OF_PROTEIN_LOCALIZATION	0.10094017112211454	0.9208520324947651	0.9936
GO_CELL_GROWTH	0.2749865635872768	0.786845855735275	0.9936
GO_TRANSMEMBRANE_RECEPTOR_PROTEIN_SERINE_THREONINE_KINASE_SIGNALING_PATHWAY	-0.1789266861428182	0.8602413704342372	0.9936
GO_LYMPHOCYTE_DIFFERENTIATION	1.0066779104689754	0.3290721348549568	0.9936
GO_REGULATION_OF_POTASSIUM_ION_TRANSPORT	-0.10817820551763162	0.9151993218557593	0.9936
GO_DEFENSE_RESPONSE_TO_BACTERIUM	-1.102668061910794	0.286481398256495	0.9936
GO_REGULATION_OF_CATION_TRANSMEMBRANE_TRANSPORT	-1.6320103303438662	0.12219998079051517	0.9936
GO_PROTEOLYSIS	-0.10318197555946618	0.9191007599329426	0.9936
GO_PHOSPHATIDYLINOSITOL_3_KINASE_SIGNALING	-1.6563658350084305	0.11712450404059685	0.9936
GO_ERK1_AND_ERK2_CASCADE	-0.44358401081696336	0.6632832534290711	0.9936
GO_TYROSINE_PHOSPHORYLATION_OF_STAT_PROTEIN	-2.007877813440156	0.061849557646709845	0.9936
GO_POSITIVE_REGULATION_OF_ANION_TRANSPORT	-0.19172429551901268	0.8503701972819522	0.9936
GO_REGULATION_OF_MONOCYTE_CHEMOTAXIS	-1.1772547428603684	0.25631008366368135	0.9936
GO_RESPONSE_TO_MOLECULE_OF_BACTERIAL_ORIGIN	0.5125560700880252	0.6152648419748761	0.9936
GO_DEVELOPMENTAL_GROWTH	0.5495131810641688	0.59024158780718	0.9936
GO_DNA_METABOLIC_PROCESS	-0.9495187641245211	0.3564798125181713	0.9936
GO_ANATOMICAL_STRUCTURE_HOMEOSTASIS	-0.33774822582344916	0.7399435853557682	0.9936
GO_REGULATION_OF_TRANSMEMBRANE_TRANSPORT	-1.2201897451658497	0.24007284856722783	0.9936
GO_RHO_PROTEIN_SIGNAL_TRANSDUCTION	0.3306571150690946	0.7451939835603767	0.9936
GO_NEUROPEPTIDE_SIGNALING_PATHWAY	0.2661385548870196	0.7935316302785216	0.9936
GO_REGULATION_OF_BLOOD_CIRCULATION	-0.5774866173248465	0.5716484825051416	0.9936
GO_REGULATION_OF_CELL_MORPHOGENESIS	-0.31925993276967607	0.7536598323611454	0.9936
GO_NEGATIVE_REGULATION_OF_PEPTIDASE_ACTIVITY	0.6181830019934706	0.5451547414709534	0.9936
GO_INOSITOL_LIPID_MEDIATED_SIGNALING	-2.1511705961291354	0.04708594457407734	0.9936
GO_NEGATIVE_REGULATION_OF_RESPONSE_TO_EXTERNAL_STIMULUS	0.12994933925752566	0.8982262114616582	0.9936
GO_IMMUNE_EFFECTOR_PROCESS	-0.24021270580611795	0.8132159606075401	0.9936
GO_ODONTOGENESIS	1.185894778834181	0.25297697418986836	0.9936
GO_GOLGI_ORGANIZATION	-0.05322294909732011	0.9582131391438683	0.9936
GO_EXTRACELLULAR_STRUCTURE_ORGANIZATION	-0.12763711082412046	0.9000265912608312	0.9936
GO_DIVALENT_INORGANIC_CATION_TRANSPORT	-0.8387230254553906	0.4139802811190809	0.9936
GO_PROTEIN_HETEROOLIGOMERIZATION	-0.9685002664243041	0.34720784665412496	0.9936
GO_REGULATION_OF_VASCULATURE_DEVELOPMENT	-0.1253213048720781	0.9018303220040382	0.9936
GO_POSITIVE_CHEMOTAXIS	-0.32474570731795604	0.7495808581870057	0.9936
GO_NEGATIVE_REGULATION_OF_TRANSCRIPTION_BY_RNA_POLYMERASE_II	0.9089263396846811	0.37687731470686303	0.9936
GO_CELLULAR_ION_HOMEOSTASIS	-0.33626643114008375	0.7410396483321255	0.9936
GO_REGULATION_OF_G_PROTEIN_COUPLED_RECEPTOR_SIGNALING_PATHWAY	-1.3892458545295938	0.1837909168248629	0.9936
GO_POSITIVE_REGULATION_OF_CELL_POPULATION_PROLIFERATION	0.37694309074142396	0.7111684109971707	0.9936
GO_NEGATIVE_REGULATION_OF_CELL_POPULATION_PROLIFERATION	2.948071845856128	0.009448354128846271	0.9936
GO_ANIMAL_ORGAN_MORPHOGENESIS	0.7931321074743822	0.43930466678392166	0.9936
GO_NEGATIVE_REGULATION_OF_BIOSYNTHETIC_PROCESS	0.2575023294803352	0.8000734606331088	0.9936
GO_REGULATION_OF_SIGNALING_RECEPTOR_ACTIVITY	-0.45561039361511896	0.6547924909787095	0.9936
GO_PROTEIN_PROCESSING	0.23744544832021822	0.8153249354063666	0.9936
GO_POSITIVE_REGULATION_OF_SIGNALING	-0.4862323991216268	0.6333949147114425	0.9936
GO_NEGATIVE_REGULATION_OF_SIGNALING	-0.9060857672787007	0.37833371435072605	0.9936
GO_PEPTIDE_HORMONE_SECRETION	-1.0083692500157349	0.32828451772288025	0.9936
GO_CHROMATIN_REMODELING_AT_CENTROMERE	-0.8564523272652144	0.40439261490679546	0.9936
GO_REGULATION_OF_CELLULAR_CATABOLIC_PROCESS	-0.22768247044187523	0.822777085330533	0.9936
GO_CHROMATIN_ASSEMBLY	-1.3380206531798162	0.19959678011658982	0.9936
GO_PROTEIN_MODIFICATION_BY_SMALL_PROTEIN_CONJUGATION	0.6399285825318692	0.5312764036052585	0.9936
GO_INTERLEUKIN_1_BETA_PRODUCTION	1.4576600132064277	0.16428232980156451	0.9936
GO_INTERLEUKIN_17_PRODUCTION	-1.0498656721183939	0.30937974579502275	0.9936
GO_PROTEIN_CONTAINING_COMPLEX_REMODELING	-0.4262387427036246	0.6756129136224902	0.9936
GO_CHROMATIN_ORGANIZATION_INVOLVED_IN_REGULATION_OF_TRANSCRIPTION	-0.4380822467783969	0.6671835149482153	0.9936
GO_CELLULAR_PROTEIN_CONTAINING_COMPLEX_ASSEMBLY	-2.00854239723104	0.061772306615555515	0.9936
GO_NUCLEOSOME_ORGANIZATION	-1.1398657352776784	0.27111940938692436	0.9936
GO_REGULATION_OF_ION_TRANSMEMBRANE_TRANSPORT	-2.1966068031618726	0.04312920050104566	0.9936
GO_POSITIVE_REGULATION_OF_ION_TRANSMEMBRANE_TRANSPORT	-0.6334101850609342	0.535415853170149	0.9936
GO_T_CELL_ACTIVATION	1.4637716140308958	0.16262579145503966	0.9936
GO_REGULATION_OF_CELL_POPULATION_PROLIFERATION	1.4286277577953252	0.1723425278158255	0.9936
GO_POSITIVE_REGULATION_OF_TYROSINE_PHOSPHORYLATION_OF_STAT_PROTEIN	-1.8161413831733522	0.0881322607883219	0.9936
GO_PEPTIDE_BIOSYNTHETIC_PROCESS	-1.4957879792984479	0.15417210862023623	0.9936
GO_RESPONSE_TO_PEPTIDE_HORMONE	-0.2469594035400343	0.8080804355273159	0.9936
GO_POSITIVE_REGULATION_OF_GTPASE_ACTIVITY	0.16362247772329339	0.8720773225958682	0.9936
GO_CELLULAR_PROTEIN_CATABOLIC_PROCESS	-0.3588253714136827	0.7244167968902775	0.9936
GO_CELLULAR_MACROMOLECULE_CATABOLIC_PROCESS	-0.8776572576240866	0.3931181732676954	0.9936
GO_NEGATIVE_REGULATION_OF_NUCLEOBASE_CONTAINING_COMPOUND_METABOLIC_PROCESS	0.3838707858867177	0.7061274946942312	0.9936
GO_POSITIVE_REGULATION_OF_NUCLEOBASE_CONTAINING_COMPOUND_METABOLIC_PROCESS	0.8424226840747009	0.4119674855613936	0.9936
GO_POSITIVE_REGULATION_OF_TRANSCRIPTION_BY_RNA_POLYMERASE_II	1.3598939682342333	0.19271896543655143	0.9936
GO_INTRACELLULAR_TRANSPORT	-1.237368549193968	0.23380290088502956	0.9936
GO_EOSINOPHIL_CHEMOTAXIS	-0.031106138525594025	0.975569615520224	0.9936
GO_SENSORY_SYSTEM_DEVELOPMENT	1.4164029220852197	0.1758321752434167	0.9936
GO_COAGULATION	-0.5279745327632391	0.6047629175389331	0.9936
GO_REGULATION_OF_T_CELL_ACTIVATION	1.5510656257817017	0.1404390714780437	0.9936
GO_NERVOUS_SYSTEM_PROCESS	2.2387910760041043	0.0397332204984792	0.9936
GO_DETECTION_OF_STIMULUS_INVOLVED_IN_SENSORY_PERCEPTION	1.251543949162493	0.22872551561117835	0.9936
GO_SENSORY_PERCEPTION_OF_BITTER_TASTE	0.34956116372764223	0.7312265916811985	0.9936
GO_REGULATION_OF_DNA_BINDING_TRANSCRIPTION_FACTOR_ACTIVITY	1.490459519564881	0.15555316639172057	0.9936
GO_POSITIVE_REGULATION_OF_DNA_BINDING_TRANSCRIPTION_FACTOR_ACTIVITY	1.1279429256626194	0.2759746473775524	0.9936
GO_REGULATION_OF_LYMPHOCYTE_ACTIVATION	1.3596785575705257	0.19278575732691305	0.9936
GO_POSITIVE_REGULATION_OF_RNA_METABOLIC_PROCESS	0.7665731084443804	0.4544979286906754	0.9936
GO_PROTEIN_COMPLEX_OLIGOMERIZATION	-0.3435090456123632	0.7356879038230306	0.9936
GO_METAL_ION_HOMEOSTASIS	-0.6550735725854067	0.5217277895598733	0.9936
GO_CARDIAC_MUSCLE_CONTRACTION	-1.718688522187024	0.10495598476672933	0.9936
GO_REGULATION_OF_SMALL_MOLECULE_METABOLIC_PROCESS	-0.673193572608153	0.5104317238062948	0.9936
GO_PROTEIN_CONTAINING_COMPLEX_ASSEMBLY	-2.219312030358243	0.04126929741461388	0.9936
GO_REGULATION_OF_ESTABLISHMENT_OF_PROTEIN_LOCALIZATION	-0.06264435471355156	0.9508256249682314	0.9936
GO_CORNIFICATION	-1.1900846796397497	0.251372572811511	0.9936
GO_CELLULAR_RESPONSE_TO_XENOBIOTIC_STIMULUS	0.27744480487787104	0.7849913758735138	0.9936
GO_MONONUCLEAR_CELL_MIGRATION	-0.9299511839469272	0.36621560933375874	0.9936
GO_POSITIVE_REGULATION_OF_MONONUCLEAR_CELL_MIGRATION	0.2374151223698866	0.8153480554971281	0.9936
GO_TUMOR_NECROSIS_FACTOR_SUPERFAMILY_CYTOKINE_PRODUCTION	1.6702505019903582	0.11431297088271952	0.9936
GO_CARDIOVASCULAR_SYSTEM_DEVELOPMENT	0.39836661369974613	0.6956254941115785	0.9936
GO_PROTEIN_LOCALIZATION_TO_PLASMA_MEMBRANE	-1.2212625101751293	0.23967754263647661	0.9936
GO_EOSINOPHIL_MIGRATION	0.07084883377078406	0.944396074691729	0.9936
GO_SUPRAMOLECULAR_FIBER_ORGANIZATION	-0.841250190346244	0.4126046901327438	0.9936
GO_RECEPTOR_SIGNALING_PATHWAY_VIA_STAT	-0.8803858810369047	0.3916826793353203	0.9936
GO_CATION_TRANSMEMBRANE_TRANSPORT	-0.5339304351220474	0.6007299011769575	0.9936
GO_CELL_CELL_SIGNALING_BY_WNT	-0.6567638616699124	0.5206681245410687	0.9936
GO_NEGATIVE_REGULATION_OF_RNA_BIOSYNTHETIC_PROCESS	0.3049133483130207	0.7643627007711298	0.9936
GO_POSITIVE_REGULATION_OF_LEUKOCYTE_CELL_CELL_ADHESION	1.7752273289539104	0.09488290146130314	0.9936
GO_REGULATION_OF_VIRAL_LIFE_CYCLE	-0.5923071446729753	0.5619227616458966	0.9936
GO_REGULATION_OF_RECEPTOR_SIGNALING_PATHWAY_VIA_STAT	-0.727084367184243	0.47767878029918664	0.9936
GO_POSITIVE_REGULATION_OF_RECEPTOR_SIGNALING_PATHWAY_VIA_STAT	-0.8102280910954809	0.4296958271532356	0.9936
GO_NEGATIVE_REGULATION_OF_CHROMATIN_ORGANIZATION	-0.6673760401462077	0.5140430605958709	0.9936
GO_REGULATION_OF_LIPID_LOCALIZATION	0.2467720703080886	0.808222910804105	0.9936
GO_POSITIVE_REGULATION_OF_LIPID_LOCALIZATION	0.17220356213414212	0.8654368334662504	0.9936
GO_NEUTROPHIL_MIGRATION	-0.9088584431259968	0.37691208192740466	0.9936
GO_RESPONSE_TO_CHEMOKINE	0.10498944486178602	0.917689097847348	0.9936
GO_NEGATIVE_REGULATION_OF_SIGNALING_RECEPTOR_ACTIVITY	0.5074562802149195	0.6187577058966742	0.9936
GO_TERPENOID_METABOLIC_PROCESS	-0.044701541330845314	0.9648983560364222	0.9936
GO_GENE_SILENCING	-0.815412782489312	0.42680838192931947	0.9936
GO_RIBOSE_PHOSPHATE_METABOLIC_PROCESS	-1.5795455485585967	0.13377511141486192	0.9936
GO_KERATINOCYTE_DIFFERENTIATION	0.6742612309751399	0.5097705379255109	0.9936
GO_POSITIVE_REGULATION_OF_CELLULAR_BIOSYNTHETIC_PROCESS	0.9530163146915037	0.3547586053508863	0.9936
GO_REGULATION_OF_PHOSPHORYLATION	-1.25204213764133	0.22854864913996903	0.9936
GO_CELLULAR_NITROGEN_COMPOUND_CATABOLIC_PROCESS	-0.8779177859712683	0.3929809619470376	0.9936
GO_ESTABLISHMENT_OF_LOCALIZATION_IN_CELL	-1.4106658537588694	0.1774896491647859	0.9936
GO_REGULATION_OF_POTASSIUM_ION_TRANSMEMBRANE_TRANSPORT	0.2836765343502609	0.7802962182759701	0.9936
GO_NEGATIVE_REGULATION_OF_VIRAL_LIFE_CYCLE	-0.1645204114218907	0.8713819825249588	0.9936
